S no,Name,team,Type,identifier,name,unique_name,key_bcci,key_bcci_2,key_bigbash,key_cricbuzz,key_cricheroes,key_crichq,key_cricinfo,key_cricinfo_2,key_cricinfo_3,key_cricingif,key_cricketarchive,key_cricketarchive_2,key_cricketworld,key_nvplay,key_nvplay_2,key_opta,key_opta_2,key_pulse,key_pulse_2
1,Ruturaj Gaikwad ,CSK,1,45a43fe2,RD Gaikwad,RD Gaikwad,ObLiOCyc1eiGVUJhKIzAJJeXJiiQ0iI,0,0,0,0,0,1060380,0,0,0,1358247,0,0,0,0,0,0,5443,0
2,Ayush Mhatre ,CSK,1,b2b4f545,A Mhatre,A Mhatre,0,0,0,0,0,0,1452455,0,0,0,0,0,0,0,0,0,0,0,0
3,M S Dhoni,CSK,1,4a8a2e3b,MS Dhoni,MS Dhoni,0,0,0,0,0,0,28081,0,0,0,7561,0,0,0,0,0,0,1,0
4,Sanju Samson ,CSK,1,a4cc73aa,SV Samson,SV Samson,iJUViQ01GecizhCJIAbiyXJOiLIOJeK,0,0,0,0,0,425943,0,0,0,218180,0,0,0,0,0,0,258,0
5,Dewald Brevis ,CSK,1,844e79d1,D Brevis,D Brevis,0,0,0,0,0,0,1070665,0,0,0,0,0,110871,1d9d1c88-b1d1-4f4b-ae9a-c58a9d5e61bf,0,0,0,0,0
6,Urvil Patel ,CSK,1,cf59b3f0,Urvil Patel,Urvil Patel,XJiyOV0iAhbCGieIJKIQ1eiJUczOiJL,0,0,0,0,0,1131570,0,0,0,0,0,0,0,0,0,0,0,0
7,Shivam Dube ,CSK,3,a4e37e47,S Dube,S Dube,GJIV0ic1eLiiJAJihUCyiOIOXKeJQzb,0,0,0,0,0,714451,0,0,0,1917128,0,0,0,0,0,0,5431,0
8,Jamie Overton ,CSK,3,59559bc2,J Overton,J Overton,0,0,0,0,0,0,510530,0,0,0,383628,0,0,ec2631d0-f8c1-49ea-af91-104113a36b4d,0,0,0,1300,0
9,Noor Ahmad ,CSK,2,efc04be7,Noor Ahmad,Noor Ahmad,0,0,13157,0,0,0,1182529,0,0,0,2178162,0,0,0,0,0,0,0,0
10,Khaleel Ahmed ,CSK,2,a2f46292,KK Ahmed,KK Ahmed,IQJiLJyeIGhziObUJ0COiiX1VKceAJi,0,0,0,0,0,942645,0,0,0,1196933,0,0,67dc81f9-df52-436f-88ec-3ded368652c7,0,0,0,2964,0
11,Anshul Kamboj ,CSK,3,fcc21ace,A Kamboj,A Kamboj,0,0,0,0,0,0,1175428,0,0,0,0,0,0,0,0,0,0,0,0
12,Shreyas Gopal ,CSK,2,7a8bd078,S Gopal,S Gopal,VAzG0QCKJihJJILeieiibi1cIyUOJXO,0,0,0,0,0,344580,0,0,0,171459,0,0,0,0,0,0,1748,0
13,Mukesh Choudhary ,CSK,2,765a4731,Mukesh Choudhary,Mukesh Choudhary,20178a2f6147ab6611e78020028d29d,0,0,0,0,0,1125688,0,0,0,0,0,0,0,0,0,0,0,0
15,Akeal Hosein ,CSK,2,4d7f517e,AJ Hosein,AJ Hosein,0,0,0,0,0,0,530812,0,0,0,1010914,0,0,0,0,0,0,20593,0
16,Prashant Veer ,CSK,3,e148e6bd,PR Veer,PR Veer,0,0,0,0,0,0,1403197,0,0,0,0,0,0,0,0,0,0,0,0
17,Kartik Sharma ,CSK,1,7b679de5,Kartik Sharma,Kartik Sharma,0,0,0,0,0,0,1459392,0,0,0,0,0,0,0,0,0,0,0,0
18,Matthew Short ,CSK,3,a90e53ec,MW Short,MW Short,0,0,7034,0,0,0,605575,0,0,0,1381843,0,0,0,0,0,0,1474,0
19,Sarfaraz Khan ,CSK,1,f088b960,SN Khan,SN Khan,iOKQJXOh0eVJICLiJeGIyJ1biiicAzU,0,0,0,0,0,642525,0,0,0,1196759,0,0,0,0,0,0,1564,0
20,Matt Henry ,CSK,2,e84ac20c,MJ Henry,MJ Henry,0,0,0,0,0,0,506612,0,0,0,921042,0,0,aa8349fb-efb1-449a-bb0c-4da80c444ac2,d2e5ffab-9d75-45a1-89e3-b70295f31f98,0,0,1505,0
21,Rahul Chahar ,CSK,2,2ed569a0,RD Chahar,RD Chahar,C1eiJOJOAViGiXcJJhiUIQIzKiL0yeb,0,0,0,0,0,1064812,0,0,0,1573581,0,0,6efe9aaf-c500-4fa5-be27-c9d72591d2dd,0,0,0,3763,0
22,Zak Foulkes ,CSK,3,30f92334,ZGF Foulkes,ZGF Foulkes,0,0,0,0,0,0,1202098,0,0,0,0,0,0,574cf145-0bf8-480c-a8f3-1b790adab552,0,0,0,0,0
23,Hardik Pandya ,MI,3,dbe50b21,HH Pandya,HH Pandya,1hicJieAIiGK0eiiJCVbOXyQLOIJUzJ,0,0,0,0,0,625371,0,0,0,392753,0,0,0,0,0,0,2740,0
24,Rohit Sharma ,MI,1,740742ef,RG Sharma,RG Sharma,0,0,0,0,0,0,34102,0,0,0,74266,0,0,0,0,0,0,107,0
25,Suryakumar Yadav ,MI,1,271f83cd,SA Yadav,SA Yadav,LJiCJOA0JUQbeyzehK1iiXiGVIiOJcI,0,0,0,0,0,446507,0,0,0,264193,0,0,0,0,0,0,108,0
26,Tilak Varma ,MI,1,b0482a1d,Tilak Varma,Tilak Varma,1VbIczOiICJJXiJiOGyeiQLhK0eUJAi,0,0,0,0,0,1170265,0,0,0,0,0,0,0c9d3dc3-3a6d-4977-aaae-174a17ec0dc8,0,0,0,0,0
27,Ryan Rickelton ,MI,1,e66732f8,RD Rickelton,RD Rickelton,0,0,0,0,0,0,605661,0,0,0,0,0,0,0,0,0,0,0,0
28,Robin Minz ,MI,1,bafd0398,R Minz,R Minz,0,0,0,0,0,0,1350762,0,0,0,0,0,0,0,0,0,0,0,0
29,Raj Bawa ,MI,3,ba6b2f91,RA Bawa,RA Bawa,0,0,0,0,0,0,1292502,0,0,0,0,0,0,0,0,0,0,0,0
30,Mitchell Santner ,MI,3,e4a0deae,MJ Santner,MJ Santner,0,0,0,0,0,0,502714,0,0,0,952567,0,0,080e3427-3a93-4fdf-aaeb-08b1bb6fbd93,1b051ad4-4937-4a9b-b9dd-c623fbfa711f,0,0,1903,0
31,Corbin Bosch ,MI,3,172dff15,C Bosch,C Bosch,0,0,0,0,0,0,594322,0,0,0,1373093,0,48789,0,0,0,0,1666,0
32,Naman Dhir ,MI,3,fffa744b,Naman Dhir,Naman Dhir,0,0,0,0,0,0,1287032,0,0,0,0,0,0,0,0,0,0,0,0
33,Jasprit Bumrah ,MI,2,462411b3,JJ Bumrah,JJ Bumrah,bieJAiVQz1iKecLiyXiJhIOJ0OIUCJG,0,0,0,0,0,625383,0,0,0,1196767,0,0,0,0,0,0,1124,0
34,Trent Boult ,MI,2,a818c1be,TA Boult,TA Boult,0,0,0,0,0,0,277912,0,0,0,159058,0,0,c62e0930-e898-4a63-baff-71e4ccde77e4,0,0,0,969,0
35,Allah Ghazanfar ,MI,2,9ca68676,AM Ghazanfar,AM Ghazanfar,0,0,0,0,0,0,1326798,0,0,0,0,0,0,78140984-e5de-457c-975d-a153850a93cd,0,0,0,0,0
36,Ashwani Kumar ,MI,2,d45c29b1,Ashwani Kumar,Ashwani Kumar,0,0,0,0,0,0,1209126,0,0,0,0,0,0,0,0,0,0,0,0
37,Deepak Chahar ,MI,2,23eeb873,DL Chahar,DL Chahar,1bJVJAyiCKUIheLXiJQ0ciOIzGiJOie,0,0,0,0,0,447261,0,0,0,258155,0,0,0,0,0,0,140,0
38,Will Jacks ,MI,3,9caf69a1,WG Jacks,WG Jacks,0,0,10865,0,0,0,897549,0,0,0,1304150,0,0,526350c5-29d7-458d-b2e8-b97628f0d7bd,0,0,0,3786,0
39,Sherfane Rutherford ,MI,1,d014d5ac,SE Rutherford,SE Rutherford,0,0,0,0,0,0,914541,0,0,17377,1499290,0,0,0,0,0,0,5396,0
40,Mayank Markande ,MI,2,a9fd84fb,M Markande,M Markande,Q0GJOJCJLO1UiKiAeJIiyzVbXihcieI,0,0,0,0,0,1081442,0,0,0,0,0,0,0,0,0,0,4951,0
41,Shardul Thakur ,MI,3,1abb78f8,SN Thakur,SN Thakur,GLcJJQIhieyAeKJ1OJ0bOVCiiziXIiU,0,0,0,0,0,475281,0,0,0,257775,0,0,0,0,0,0,1745,0
42,Quinton de Kock,MI,1,372455c4,Q de Kock,Q de Kock,0,0,0,0,0,0,379143,0,0,0,389104,0,0,0,0,0,0,834,0
43,Atharva Ankolekar ,MI,3,d6cd318e,Atharva Ankolekar,Atharva Ankolekar,iIiXceibJAeULzOIK0ihyJVOGJ1CQJi,0,0,0,0,0,1175467,0,0,0,0,0,0,0,0,0,0,0,0
44,Mayank Rawat ,MI,3,2b801189,Mayank Rawat,Mayank Rawat,0,0,0,0,0,0,1079847,0,0,0,0,0,0,0,0,0,0,0,0
45,Ajinkya Rahane ,KKR,1,29e95537,AM Rahane,AM Rahane,AXeJIbJi1OLGK0UQihJzyiJeOcViIiC,0,0,0,0,0,277916,0,0,0,154043,0,0,0,0,0,0,135,0
46,Angkrish Raghuvanshi ,KKR,1,d7017798,A Raghuvanshi,A Raghuvanshi,0,0,0,0,0,0,1292495,0,0,0,0,0,0,0,0,0,0,0,0
47,Anukul Roy ,KKR,3,e4cdf230,AS Roy,AS Roy,izXKeJhJIUbiOVQLeGAy1CicOi0JIiJ,0,0,0,0,0,1079839,0,0,0,0,0,0,0,0,0,0,3774,0
48,Manish Pandey ,KKR,1,93b4fc78,MK Pandey,MK Pandey,JJG1KLA0hQyiXOzIObeciJUiCiJVeiI,0,0,0,0,0,290630,0,0,0,167621,0,0,0,0,0,0,123,0
49,Ramandeep Singh ,KKR,1,be24ead0,Ramandeep Singh,Ramandeep Singh,iXyOJLIQAbKiChG0JiVzIieiUJOceJ1,0,0,0,0,0,1079470,0,0,0,0,0,0,0,0,0,0,0,0
50,Rinku Singh ,KKR,1,0a509d6b,RK Singh,RK Singh,VIcLi1IJUAXzCeiiJQJKJebiyOi0GOh,0,0,0,0,0,723105,0,0,0,1376795,0,0,0,0,0,0,3830,0
51,Rovman Powell ,KKR,1,650d5e49,R Powell,R Powell,0,0,0,0,0,0,820351,0,0,0,1779397,0,0,0,0,0,0,3333,0
52,Sunil Narine ,KKR,3,9d430b40,SP Narine,SP Narine,0,0,0,0,0,0,230558,0,0,0,97646,0,0,0,0,0,0,203,0
53,Umran Malik ,KKR,2,81c08fa3,Umran Malik,Umran Malik,20182464a4dac6d211e8a30e02726df,0,0,0,0,0,1246528,0,0,0,0,0,0,0,0,0,0,0,0
54,Vaibhav Arora ,KKR,2,7c3b3b78,VG Arora,VG Arora,20182b29a0f9ad4f11e89b5f028d29d,0,0,0,0,0,1209292,0,0,0,0,0,0,0,0,0,0,0,0
55,Varun Chakravarthy ,KKR,2,5b7ab5a9,CV Varun,CV Varun,0,0,0,0,0,0,1108375,0,0,0,2236878,0,0,0,0,0,0,5432,0
56,Cameron Green ,KKR,1,eaa76d3c,C Green,C Green,0,0,10749,0,0,0,1076713,0,0,0,1954708,0,0,387bfaf3-148c-44c7-8f04-d54400928c34,0,0,0,4093,0
57,Finn Allen ,KKR,1,bf74b130,FH Allen,FH Allen,0,0,0,0,0,0,959759,0,0,0,1777961,0,0,fd8db27d-876d-47b8-b106-7623da8258e2,0,0,0,3020,0
58,Matheesha Pathirana ,KKR,2,64839cb3,M Pathirana,M Pathirana,0,0,0,0,0,0,1194795,0,0,0,0,0,0,0,0,0,0,0,0
59,Kartik Tyagi ,KKR,2,5d2eea49,Kartik Tyagi,Kartik Tyagi,0,0,0,0,0,0,1122918,0,0,0,1947104,0,0,0,0,0,0,10059,0
60,Prashant Solanki ,KKR,2,c695b423,PH Solanki,PH Solanki,KihOJCQXbiALIiyJceUOi1VJei0GJIz,0,0,0,0,0,1252337,0,0,0,0,0,0,0,0,0,0,0,0
61,Rahul Tripathi ,KKR,1,77255a9e,RA Tripathi,RA Tripathi,iceiVGLOJzeAiU0OJ1XhJiybIIJiQKC,0,0,0,0,0,446763,0,0,0,172359,0,0,0,0,0,0,3838,0
62,Tim Seifert ,KKR,1,4663bd23,TL Seifert,TL Seifert,0,0,0,0,0,0,625964,0,0,0,1210697,0,0,c934ffa6-cc60-46ab-a910-29d52a891741,0,0,0,1619,0
63,Sarthak Ranjan ,KKR,1,d7cdefa9,Sarthak Ranjan,Sarthak Ranjan,cGiJeOViJLIJK0JhAyeCiQi1zbXOIUi,0,0,0,0,0,956405,0,0,0,0,0,0,0,0,0,0,0,0
64,Rachin Ravindra ,KKR,3,ba5e1069,R Ravindra,R Ravindra,0,0,0,0,0,0,959767,0,0,0,1596049,0,0,dabc5cba-4ae5-4987-acf4-1d4a3cceaeb1,0,0,0,3028,0
65,B Muzarabani ,KKR,3,449f4e3c,B Muzarabani,B Muzarabani,0,0,0,0,0,0,827051,0,0,0,2174107,0,0,0,0,0,0,4590,0
67,Rajat Patidar ,RCB,1,c740ea83,RM Patidar,RM Patidar,KhJXQJGIiOi0eUzLIiCVbJJe1ciyiAO,0,0,0,0,0,823703,0,0,0,0,0,0,0,0,0,0,5471,0
68,Virat Kohli ,RCB,1,ba607b88,V Kohli,V Kohli,0,0,0,0,0,0,253802,0,0,0,101095,0,0,0,0,0,0,164,0
69,Devdutt Padikkal ,RCB,1,2c25d4f5,D Padikkal,D Padikkal,iGeJOCJAQLeihUiJIXzi1bJ0VIiKcOy,0,0,0,0,0,1119026,0,0,0,1728164,0,0,0,0,0,0,5430,0
70,Phil Salt ,RCB,1,3d284ca3,PD Salt,PD Salt,0,0,8012,0,0,0,669365,0,0,18690,1104883,0,0,00ec5aca-d922-421b-a5d1-f8e70e69b7b4,0,0,0,3511,0
71,Jitesh Sharma ,RCB,1,800d2d97,JM Sharma,JM Sharma,XGiIhViyKiIAOLJU0OCe1ecJJQzJibi,0,0,0,0,0,721867,0,0,0,0,0,0,0,0,0,0,0,0
72,Krunal Pandya ,RCB,3,5b8c830e,KH Pandya,KH Pandya,UicQOhOJ1XACJeGKyeVJbiLIiJiiIz0,0,0,0,0,0,471342,0,0,0,254356,0,0,0,0,0,0,3183,0
73,Swapnil Singh ,RCB,2,983f2f61,Swapnil Singh,Swapnil Singh,O0UicGJiiCAVKJhbLiiJyXJIeeQ1zOI,0,0,0,0,0,232292,0,0,0,0,0,0,0,0,0,0,3180,0
74,Tim David ,RCB,1,f1f99156,TH David,TH David,0,0,11463,0,0,0,892749,0,0,0,1659559,0,0,0,0,0,0,0,0
75,Romario Shepherd ,RCB,3,c5aef772,R Shepherd,R Shepherd,0,0,0,0,0,0,677077,0,0,0,1973715,0,0,0,0,0,0,5036,0
76,Jacob Bethell ,RCB,3,3c55c703,JG Bethell,JG Bethell,0,0,0,0,0,0,1194959,0,0,0,0,0,0,f3eb7098-753f-4f4a-a254-732fff6c3735,0,0,0,0,0
78,Bhuvneshwar Kumar ,RCB,2,2e81a32d,B Kumar,B Kumar,yJUcXziCJOGLbJeViK1IiihIQOJie0A,0,0,0,0,0,326016,0,0,0,243427,0,0,0,0,0,0,116,0
79,Nuwan Thushara ,RCB,2,ee1b6c27,N Thushara,N Thushara,0,0,0,0,0,0,955235,0,0,0,0,0,0,0,0,0,0,0,0
80,Rasikh Salam ,RCB,2,b8527c3d,Rasikh Salam,Rasikh Salam,2018d1909e70bbd611e8a30e02726df,0,0,0,0,0,1161489,0,0,0,0,0,0,0,0,0,0,5437,0
81,Abhinandan Singh ,RCB,2,82c10dac,Abhinandan Singh,Abhinandan Singh,0,0,0,0,0,0,1449085,0,0,0,0,0,0,0,0,0,0,0,0
82,Suyash Sharma ,RCB,2,9440ef41,Suyash Sharma,Suyash Sharma,0,0,0,0,0,0,1350792,0,0,0,0,0,0,0,0,0,0,0,0
83,Venkatesh Iyer ,RCB,3,a24be938,VR Iyer,VR Iyer,eic0LJzOOIe1IQAiXJCiUGibJyiVhKJ,0,0,0,0,0,851403,0,0,0,0,0,0,0,0,0,0,0,0
84,Jacob Duffy ,RCB,2,dadbdb68,JA Duffy,JA Duffy,0,0,0,0,0,0,547766,0,0,0,1065202,0,0,476e05d8-72d5-4377-a87d-ab20b59d4e68,31f15afe-9f5c-4d10-8161-5ca2b578bd43,0,0,1282,0
85,Josh Hazlewood ,RCB,2,03806cf8,JR Hazlewood,JR Hazlewood,0,0,4818,0,0,0,288284,0,0,0,158701,0,0,0,0,0,0,857,0
86,Jordan Cox ,RCB,1,ff154ecd,JM Cox,JM Cox,0,0,0,0,0,0,1112537,0,0,0,1876958,0,0,deab5955-0af0-4095-a8fd-f322945022ed,0,0,0,5463,0
87,Prabhsimran Singh ,PBKS,1,9418198b,P Simran Singh,P Simran Singh,yibzO1G0KiJeQAeicUIOCJJiihLJVIX,0,0,0,0,0,1161024,0,0,0,1573619,0,0,0,0,0,0,5436,0
88,Priyansh Arya ,PBKS,1,b5797845,Priyansh Arya,Priyansh Arya,2017b5036d9dc05e11e792a5028d29d,0,0,0,0,0,1175456,0,0,0,0,0,0,0,0,0,0,0,0
89,Shreyas Iyer ,PBKS,1,85ec8e33,SS Iyer,SS Iyer,hzIiKiUiIOXLcQJybJ0JJiCiVOGA1ee,0,0,0,0,0,642519,0,0,0,967227,0,0,0,0,0,0,1563,0
90,Shashank Singh ,PBKS,1,26989d80,Shashank Singh,Shashank Singh,yUKJVeei1XiJAIGhcCQLJi0JOIiibzO,0,0,0,0,0,377534,0,0,0,0,0,0,0,0,0,0,0,0
91,Nehal Wadhera ,PBKS,1,d1a60072,N Wadhera,N Wadhera,0,0,0,0,0,0,1151273,0,0,0,0,0,0,0,0,0,0,0,0
92,Marcus Stoinis ,PBKS,3,d9273ee7,MP Stoinis,MP Stoinis,0,0,5957,0,0,0,325012,0,0,0,246389,0,0,0,0,0,0,964,0
93,Azmatullah Omarzai ,PBKS,3,8f6dd463,Azmatullah Omarzai,Azmatullah Omarzai,0,0,0,0,0,0,819429,0,0,0,0,0,0,0,0,0,0,4823,0
94,Marco Jansen ,PBKS,2,81c36ee9,M Jansen,M Jansen,0,0,0,0,0,0,696401,0,0,0,1579425,0,60394,0,0,0,0,17068,0
95,Harpreet Brar ,PBKS,2,c05edf8e,Harpreet Brar,Harpreet Brar,2018566b707bdc2011e8a30e02726df,0,0,0,0,0,1168641,0,0,0,1193197,0,0,0,0,0,0,5441,0
96,Yuzvendra Chahal ,PBKS,2,57ee1fde,YS Chahal,YS Chahal,iiziL0iOie1JbKeJVIGcCJXIyUhAJQO,0,0,0,0,0,430246,0,0,0,166261,0,0,296e7eae-bce8-43bc-b5df-8611fe9500ee,0,0,0,111,0
97,Arshdeep Singh ,PBKS,2,244048f6,Arshdeep Singh,Arshdeep Singh,iQeIbXAcUiLihJ0yJeVOJOiJiC1KGIz,0,0,0,0,0,1125976,0,0,0,1732022,0,0,0,0,0,0,4698,0
98,Musheer Khan ,PBKS,3,d621b427,Musheer Khan,Musheer Khan,0,0,0,0,0,0,1316430,0,0,0,0,0,0,0,0,0,0,0,0
99,Suryansh Shedge ,PBKS,3,970ddd24,Suryansh Shedge,Suryansh Shedge,0,0,0,0,0,0,1339698,0,0,0,0,0,0,0,0,0,0,0,0
100,Mitchell Owen ,PBKS,3,f2c936d7,MJ Owen,MJ Owen,0,0,0,0,0,0,1213979,0,0,0,0,0,0,0,0,0,0,0,0
101,Xavier Bartlett ,PBKS,2,3b53243a,XC Bartlett,XC Bartlett,0,0,10740,0,0,0,1050545,0,0,0,1795944,0,0,0,0,0,0,0,0
102,Lockie Ferguson ,PBKS,2,2f9d0389,LH Ferguson,LH Ferguson,0,0,0,10692,0,0,493773,0,0,0,1206219,0,0,f39fa270-fba3-46c8-9a57-859fc78493bc,0,0,0,3729,0
103,Vyshak Vijaykumar ,PBKS,2,54e52590,Vijaykumar Vyshak,Vijaykumar Vyshak,iJiiIiJUXeyVOJQecObiILz1AChGJK0,0,0,0,0,0,777815,0,0,0,0,0,0,0,0,0,0,0,0
104,Yash Thakur ,PBKS,2,4b31f3a3,Yash Thakur,Yash Thakur,zJehyecIIU0iJiQGXJ1AOiiOLVbCKiJ,0,0,0,0,0,1070196,0,0,0,0,0,0,0,0,0,0,0,0
105,Vishnu Vinod ,PBKS,1,0494fa6e,Vishnu Vinod,Vishnu Vinod,iyKLicQiOJIbJ0iVie1AeUGJXhIOJCz,0,0,0,0,0,732293,0,0,0,0,0,0,0,0,0,0,4305,0
106,Cooper Connolly ,PBKS,1,fe366f34,C Connolly,C Connolly,0,0,0,0,0,0,1210488,0,0,0,0,0,0,0,0,0,0,0,0
107,Ben Dwarshuis ,PBKS,2,e1b9f3a9,BJ Dwarshuis,BJ Dwarshuis,0,0,7037,0,0,0,679567,0,0,0,1395766,0,0,0,0,0,0,1478,0
108,Pravin Dubey ,PBKS,2,ed5a5510,P Dubey,P Dubey,IJzJQJJ0biyiCecKiVUOi1hXOeIAGLi,0,0,0,0,0,777515,0,0,0,516703,0,0,0,0,0,0,3188,0
109,Shubman Gill ,GT,1,b4b99816,Shubman Gill,Shubman Gill,UOILzJXQhIOe1AcCJGJiJVbeii0Kyii,0,0,0,0,0,1070173,0,0,0,1573620,0,0,0,0,0,0,3761,0
110,Sai Sudharsan ,GT,1,d5130a30,B Sai Sudharsan,B Sai Sudharsan,20167c1304259cec11e69558028d29d,0,0,0,0,0,1151288,0,0,0,0,0,0,0,0,0,0,0,0
111,Kumar Kushagra ,GT,1,57ca01b3,Kumar Kushagra,Kumar Kushagra,ciQKXeIhzieJGO0VIAiJ1LCOJUyiibJ,0,0,0,0,0,1207295,0,0,0,0,0,0,0,0,0,0,0,0
112,Anuj Rawat ,GT,1,c8f5f961,Anuj Rawat,Anuj Rawat,ACKIeUOzI0iJihebicGLQyXJJ1VOJii,0,0,0,0,0,1123073,0,0,0,0,0,0,0,0,0,0,0,0
113,Jos Buttler ,GT,1,99b75528,JC Buttler,JC Buttler,0,0,0,0,0,0,308967,0,0,11248,136065,0,0,0,0,0,0,509,0
114,Nishant Sindhu ,GT,3,3cea23da,N Sindhu,N Sindhu,0,0,0,0,0,0,1292506,0,0,0,0,0,0,0,0,0,0,0,0
115,Washington Sundar ,GT,3,f19ccfad,Washington Sundar,Washington Sundar,iIeLAiXCVh0iiJOJbyGcOie1JzJUKQI,0,0,0,0,0,719715,0,0,0,1376706,0,0,8a079fc8-99c9-41b9-92b0-34127585a0c2,0,0,0,2973,0
116,Glenn Phillips ,GT,3,9a46c4e5,GD Phillips,GD Phillips,0,0,0,10693,0,0,823509,0,0,0,1595227,0,0,392c0b52-6ab0-41c5-9701-404dd5a405ad,0,0,0,3027,0
117,Arshad Khan ,GT,2,12314277,Arshad Khan,Arshad Khan (2),0,0,0,0,0,0,1244751,0,0,0,0,0,0,0,0,0,0,0,0
118,Shahrukh Khan ,GT,1,7dcb9bc9,M Shahrukh Khan,M Shahrukh Khan,Ch0JeOXVeyGbiiKJJUicIQizO1AiIJL,0,0,0,0,0,719719,0,0,0,0,0,0,0,0,0,0,7779,0
119,Rahul Tewatia ,GT,3,39a2dfa8,R Tewatia,R Tewatia,CiJ1yhieIbzOiUKOViAGc0ieJJILQXJ,0,0,0,0,0,423838,0,0,0,262658,0,0,0,0,0,0,1749,0
120,Kagiso Rabada ,GT,2,e62dd25d,K Rabada,K Rabada,0,0,0,0,0,0,550215,0,0,0,1374908,0,0,0,0,0,0,1664,0
121,Mohammed Siraj ,GT,2,2f49c897,Mohammed Siraj,Mohammed Siraj,UiLzXQiGJbJ1IOAy0cJehOJeiCKIVii,0,0,0,0,0,940973,0,0,0,1917055,0,0,0,0,0,0,3840,0
122,Prasidh Krishna ,GT,2,85e0cf10,M Prasidh Krishna,M Prasidh Krishna,1V0JJIIiiXUcQeiGLJAJOihybzCiOeK,0,0,0,0,0,917159,0,0,0,1556435,0,0,0,0,0,0,5105,0
123,Ishant Sharma ,GT,2,5bb1a1c4,I Sharma,I Sharma,UiOeJizJOeGXJiVybJ0iiIK1CIAhcQL,0,0,0,0,0,236779,0,0,0,100673,0,0,0,0,0,0,38,0
124,Gurnoor Singh Brar,GT,2,99258814,Gurnoor Brar,Gurnoor Brar,0,0,0,0,0,0,1287033,0,0,0,0,0,0,0,0,0,0,0,0
125,Rashid Khan ,GT,3,5f547c8b,Rashid Khan,Rashid Khan,0,0,8141,0,0,0,793463,0,0,0,1738090,0,0,0,0,0,0,2885,0
126,Manav Suthar ,GT,3,025c4400,MJ Suthar,MJ Suthar,0,0,0,0,0,0,1175426,0,0,0,0,0,0,0,0,0,0,0,0
127,Sai Kishore ,GT,2,c7a995d3,R Sai Kishore,R Sai Kishore,1QzyJJeUKAiJGLCOVXiiIcbO0iIiheJ,0,0,0,0,0,1048739,0,0,0,0,0,0,22133e28-03ea-4e57-88df-d2a9cec13044,0,0,0,0,0
128,Jayant Yadav ,GT,2,81049310,J Yadav,J Yadav,iOVOzKiiICIiUQeeGLXJb10JcJiJhAy,0,0,0,0,0,447587,0,0,0,254366,0,0,0,0,0,0,1740,0
129,Ashok Sharma ,GT,2,50c09020,Ashok Sharma,Ashok Sharma,0,0,0,0,0,0,1299879,0,0,0,0,0,0,0,0,0,0,0,0
130,Jason Holder ,GT,3,0f721006,JO Holder,JO Holder,0,0,5211,0,0,0,391485,0,0,0,432602,0,0,0,0,0,0,1075,0
131,Tom Banton ,GT,1,25f7b7d6,T Banton,T Banton,0,0,10866,0,0,0,877051,0,0,16009,1130413,0,0,93f206cf-abba-4d7a-aa17-1591a1dfff21,0,0,0,3770,0
132,Luke Wood ,GT,2,65b6943c,L Wood,L Wood,0,0,0,0,0,0,573170,0,0,0,1102475,0,0,0,0,0,0,1554,0
133,Ravindra Jadeja ,RR,3,fe93fd9d,RA Jadeja,RA Jadeja,0,0,0,0,0,0,234675,0,0,0,94280,0,0,0,0,0,0,9,0
134,Donovan Ferreira ,RR,3,f0af99a7,D Ferreira,D Ferreira,0,0,0,0,0,0,698315,0,0,0,2132017,0,60564,0,0,0,0,0,0
135,Sandeep Sharma ,RR,2,ce820073,Sandeep Sharma,Sandeep Sharma,i1QhcIiJJXbVOyCieKe0JIJOiiULGAz,0,0,0,0,0,438362,0,0,0,250486,0,0,0,0,0,0,1112,0
136,Shubham Dubey ,RR,1,6b2ff18f,SB Dubey,SB Dubey,yIOiiQG1KOUVLJ0iJCbiIJXehJiAezc,0,0,0,0,0,1252585,0,0,0,0,0,0,0,0,0,0,0,0
137,Vaibhav Suryavanshi ,RR,1,470f446b,V Suryavanshi,V Suryavanshi,0,0,0,0,0,0,1408688,0,0,0,0,0,0,0,0,0,0,0,0
138,Lhuan-Dre Pretorius ,RR,1,60aa2db3,LG Pretorius,LG Pretorius,0,0,0,0,0,0,1385640,0,0,0,2687490,0,128989,0,0,0,0,0,0
139,Shimron Hetmyer ,RR,1,48a1d7b7,SO Hetmyer,SO Hetmyer,0,0,0,0,0,0,670025,0,0,0,1130686,0,0,0,0,0,0,1705,0
140,Yashasvi Jaiswal ,RR,1,6c19c6e5,YBK Jaiswal,YBK Jaiswal,OXiLecbiiei1J0UJKIGQJhyOVIACziJ,0,0,0,0,0,1151278,0,0,0,1903137,0,0,0,0,0,0,13538,0
141,Dhruv Jurel ,RR,1,bcf325d2,Dhruv Jurel,Dhruv Jurel,iJyCiQOJG0IVJJeiOeKUbIzLXc1hiAi,0,0,0,0,0,1175488,0,0,0,0,0,0,0,0,0,0,0,0
142,Riyan Parag ,RR,1,04a418e8,R Parag,R Parag,JeicCLIGAXyheJ1UJbJIO0QVizOiiKi,0,0,0,0,0,1079434,0,0,0,2136312,0,0,0,0,0,0,4445,0
143,Jofra Archer ,RR,2,5574750c,JC Archer,JC Archer,0,0,0,0,0,0,669855,0,0,15830,1422835,0,0,7a90e3f1-b536-4e94-9c94-15b5f9b4112e,0,0,0,3502,0
144,Tushar Deshpande ,RR,2,46a9bea1,TU Deshpande,TU Deshpande,iiiJ0ICJeXI1hyOzLiVJcKAJGbQUieO,0,0,0,0,0,822553,0,0,0,967234,0,0,0,0,0,0,3257,0
145,Kwena Maphaka ,RR,2,107c26fb,KT Maphaka,KT Maphaka,0,0,0,0,0,0,1294342,0,0,0,2496965,0,113130,0,0,0,0,0,0
146,Nandre Burger ,RR,2,465aa633,N Burger,N Burger,0,0,0,0,0,0,971349,0,0,0,0,0,0,0,0,0,0,0,0
147,Ravi Bishnoi ,RR,2,df064e1a,Ravi Bishnoi,Ravi Bishnoi,ieJhIbiGeXU0KCQLIV1iJAOiJOycJzi,0,0,0,0,0,1175441,0,0,0,2272370,0,0,0,0,0,0,19351,0
148,Yash Raj Punja,RR,2,e855edaa,Y Punja,Y Punja,0,0,0,0,0,0,796331,0,0,0,0,0,0,0,0,0,0,0,0
149,Vignesh Puthur ,RR,2,1e030637,V Puthur,V Puthur,0,0,0,0,0,0,1460388,0,0,0,0,0,0,0,0,0,0,0,0
150,Brijesh Sharma ,RR,2,133bbd61,Brijesh Sharma,Brijesh Sharma,0,0,0,0,0,0,1515046,0,0,0,0,0,0,0,0,0,0,0,0
151,Adam Milne ,RR,2,350bb1b1,AF Milne,AF Milne,0,0,4881,7625,0,0,450860,0,0,0,921071,0,0,29490c43-d6cd-4419-84e9-c4d9f7cb1398,0,0,0,434,0
152,Kuldeep Sen ,RR,2,2e78f685,KR Sen,KR Sen,JbVX0zy1eiCOcGiJiIiKiJhLUQeIAOJ,0,0,0,0,0,1163695,0,0,0,0,0,0,0,0,0,0,0,0
153,Pat Cummins ,SRH,2,ded9240e,PJ Cummins,PJ Cummins,0,0,0,0,0,0,489889,0,0,0,1055155,0,0,0,0,0,0,488,0
154,Travis Head ,SRH,1,12b610c2,TM Head,TM Head,0,0,5366,0,0,0,530011,0,0,0,1061501,0,0,0,0,0,0,1020,0
155,Abhishek Sharma ,SRH,1,f29185a1,Abhishek Sharma,Abhishek Sharma,i0IJLJ1GJOycQAVzCeheiUbXiiIOKJi,JiKiGIeIUAV0hzOiiLQJ1XycCJbJOei,0,0,0,0,1070183,1131614,0,0,1576635,0,0,0,0,0,0,3760,0
156,Aniket Verma ,SRH,1,a3b0600d,Aniket Verma,Aniket Verma,0,0,0,0,0,0,1409976,0,0,0,0,0,0,0,0,0,0,0,0
157,Ishan Kishan ,SRH,1,752f7486,Ishan Kishan,Ishan Kishan,1KVLIceOQbJhCIiXJJiiUOizAiGJe0y,0,0,0,0,0,720471,0,0,0,1377783,0,0,21f1373b-c758-4c00-b985-782c0e48e299,0,0,0,2975,0
158,Heinrich Klaasen ,SRH,1,235c2bb6,H Klaasen,H Klaasen,0,0,0,0,0,0,436757,0,0,0,914109,0,46124,0,0,0,0,3869,0
159,Nitish Kumar Reddy,SRH,3,aad0c365,Nithish Kumar Reddy,Nithish Kumar Reddy,20161382502ab62911e6842a028d29d,0,0,0,0,0,1175496,0,0,0,0,0,0,0,0,0,0,0,0
160,Harsh Dubey ,SRH,3,25228673,Harsh Dubey,Harsh Dubey,2016733d4887acd711e6842a028d29d,,,,,,1216159,,,,,,,,,,,,
161,Kamindu Mendis ,SRH,3,08548b13,PHKD Mendis,PHKD Mendis,0,0,0,0,0,0,784373,0,0,0,0,0,0,0,0,0,0,3086,0
162,Harshal Patel ,SRH,2,f986ca1a,HV Patel,HV Patel,J0ULeeiciJJX1bOiOCVAJizyhQIiGIK,0,0,0,0,0,390481,0,0,0,250417,0,0,0,0,0,0,157,0
163,Brydon Carse ,SRH,3,cad40f5e,BA Carse,BA Carse,0,0,0,0,0,0,596417,0,0,0,1382040,0,0,6edf899e-806a-482e-b2ef-c6a9e37f0f5e,0,0,0,3550,0
164,Jaydev Unadkat ,SRH,2,1e66c162,JD Unadkat,JD Unadkat,iJy0OICJehGiUJVLiA1KIbziOeXQiJc,0,0,0,0,0,390484,0,0,0,264173,0,0,ceca3b64-73e6-4aaf-acec-efcaa1225a0f,0,0,0,86,0
165,Eshan Malinga ,SRH,2,5750bcb4,E Malinga,E Malinga,0,0,0,0,0,0,1306214,0,0,0,0,0,0,0,0,0,0,0,0
166,Zeeshan Ansari ,SRH,2,36619795,Zeeshan Ansari,Zeeshan Ansari,eJOKihzIcJi1JyeCGiQiI0XbLAOJiVU,0,0,0,0,0,942371,0,0,0,0,0,0,0,0,0,0,2974,0
167,Shivang Kumar ,SRH,3,7b44eb3e,Shivang Kumar,Shivang Kumar,0,0,0,0,0,0,1512089,0,0,0,0,0,0,0,0,0,0,0,0
168,Salil Arora ,SRH,1,d7423da1,S Arora,Salil Arora,0,0,0,0,0,0,1199281,0,0,0,0,0,0,0,0,0,0,0,0
169,Sakib Hussain ,SRH,2,280fff14,Sakib Hussain,Sakib Hussain,0,0,0,0,0,0,1340422,0,0,0,0,0,0,0,0,0,0,0,0
170,Amit Kumar ,SRH,2,e3e9f70a,Amit Kumar,Amit Kumar,0,0,0,0,0,0,601407,0,0,0,0,0,0,0,0,0,0,0,0
171,Liam Livingstone ,SRH,3,50c6bc2b,LS Livingstone,LS Livingstone,0,0,6724,0,0,0,403902,0,0,15487,353210,0,0,0,0,0,0,3644,0
172,Shivam Mavi ,SRH,2,c38d3503,Shivam Mavi,Shivam Mavi,OiOi0yi1JIIzULbiJAeKCcQVXJhGiJe,0,0,0,0,0,1079848,0,0,0,1740624,0,0,0,0,0,0,3779,0
173,DA  Patyne ,SRH,2,6c79c098,DA Payne,DA Payne,0,0,0,0,0,0,362710,0,0,0,334184,0,0,a8ebc874-4468-a049-aeda-e73bb4fc5fb7,0,0,0,3479,0
175,Abdul Samad ,LSG,1,8e514b4c,Abdul Samad,Abdul Samad,hicQGCIJAJiJiVKXbJLyU0Oii1OzIee,0,0,0,0,0,1175485,0,0,0,1949202,0,0,0,0,0,0,19352,0
176,Ayush Badoni ,LSG,1,872b03f7,A Badoni,A Badoni,iUJeXIbiz1VGLe0iiJcIOJQCAKJhiOy,0,0,0,0,0,1151270,0,0,0,0,0,0,0,0,0,0,0,0
177,Aiden Markram ,LSG,1,6a26221c,AK Markram,AK Markram,0,0,0,0,0,0,600498,0,0,0,1391761,0,0,0,0,0,0,1667,0
178,Matthew Breetzke ,LSG,1,35f173a0,MP Breetzke,MP Breetzke,0,0,0,0,0,0,595267,0,0,0,1383545,0,46852,0,0,0,0,0,0
179,Himmat Singh ,LSG,1,ebcfef83,Himmat Singh,Himmat Singh,c01IiUQOJiiAiCKzeGXJyVOIheJJibL,0,0,0,0,0,805235,0,0,0,0,0,0,0,0,0,0,0,0
180,Rishabh Pant ,LSG,1,919a3be2,RR Pant,RR Pant,JIei1JIiQOyJeVb0ciGhziALXKCiJOU,0,0,0,0,0,931581,0,0,0,1065017,0,0,0,0,0,0,2972,0
181,Nicholas Pooran ,LSG,1,3241e3fd,N Pooran,N Pooran,0,0,6763,0,0,0,604302,0,0,0,969464,0,0,0,0,0,0,1703,0
182,Mitchell Marsh ,LSG,3,3d8feaf8,MR Marsh,MR Marsh,0,0,4601,0,0,0,272450,0,0,0,148134,0,0,0,0,0,0,221,0
183,Shahbaz Ahmed ,LSG,3,f9e6e7ef,Shahbaz Ahmed,Shahbaz Ahmed,ecQ0AiG1eXJOzOCJLJVyhJiUKbIiIii,0,0,0,0,0,1159711,0,0,0,2274642,0,0,0,0,0,0,13803,0
184,Arshin Kulkarni ,LSG,3,2d140b79,AA Kulkarni,AA Kulkarni,0,0,0,0,0,0,1403153,0,0,0,0,0,0,0,0,0,0,0,0
185,Mayank Yadav ,LSG,2,b1ad996b,MP Yadav,MP Yadav,0,0,0,0,0,0,1292563,0,0,0,0,0,0,0,0,0,0,0,0
186,Avesh Khan ,LSG,2,eef2536f,Avesh Khan,Avesh Khan,ciiJiIJiLhJbAz1OI0JyKVUeXeOGQCi,0,0,0,0,0,694211,0,0,0,1177686,0,0,0,0,0,0,1561,0
187,Mohsin Khan ,LSG,2,c33d8116,Mohsin Khan,Mohsin Khan (2),eiIL1ciCOJJJI0GzOybiQhViUJKAieX,0,0,0,0,0,1132005,0,0,0,0,0,0,0,0,0,0,0,0
188,Manimaran Siddharth ,LSG,2,cf0ccafa,M Siddharth,M Siddharth,iC0KiUVbGOyzOJLiiAJIIJe1QeJhcXi,0,0,0,0,0,1151286,0,0,0,0,0,0,0,0,0,0,0,0
189,Digvesh Rathi ,LSG,2,13fc5c6d,DS Rathi,DS Rathi,0,0,0,0,0,0,1460529,0,0,0,0,0,0,0,0,0,0,0,0
190,Prince Yadav ,LSG,2,80b2fb19,Prince Yadav,Prince Yadav,0,0,0,0,0,0,1350768,0,0,0,0,0,0,0,0,0,0,0,0
191,Akash Singh ,LSG,2,b483905d,Akash Singh,Akash Singh,2017a66731ead35311e792a5028d29d,0,0,0,0,0,1175458,0,0,0,0,0,0,0,0,0,0,0,0
192,Mohammed Shami ,LSG,2,8cf9814c,Mohammed Shami,Mohammed Shami,ChbiJ1JcJIiiVXKQeyOAeGUiiOL0IJz,0,0,0,0,0,481896,0,0,0,908878,0,0,0,0,0,0,94,0
193,Arjun Tendulkar ,LSG,2,44aac2f0,Arjun Tendulkar,Arjun Tendulkar,0iGiOcIKzCh1AeIeJiJiVLUQibOJJXy,0,0,0,0,0,1148776,0,0,0,0,0,0,0,0,0,0,0,0
194,Wanindu Hasaranga ,LSG,3,a97c8ec2,PWH de Silva,PWH de Silva,0,0,0,0,0,0,784379,0,0,0,1722098,0,0,0,0,0,0,3082,0
195,Anrich Nortje ,LSG,2,acdc62f5,A Nortje,A Nortje,0,0,0,0,0,0,481979,0,0,0,1037475,0,57187,0,0,0,0,5433,0
196,Mukul Choudhary ,LSG,1,1c84109e,MD Choudhary,MD Choudhary,0,0,0,0,0,0,1354217,0,0,0,0,0,0,0,0,0,0,0,0
197,Akshat Raghuwanshi ,LSG,1,d8d67045,Akshat Raghuwanshi,Akshat Raghuwanshi,0,0,0,0,0,0,1300795,0,0,0,0,0,0,0,0,0,0,0,0
198,Josh Inglis ,LSG,1,989889ff,JP Inglis,JP Inglis,0,0,7636,0,0,0,662235,0,0,0,1228947,0,0,0,0,0,0,0,0
199,Nitish Rana ,DC,1,fb2d1dda,N Rana,N Rana,hVUcKiLiyiOiXbJIJ0JJCee1OGAizQI,0,0,0,0,0,604527,0,0,0,412485,0,0,0,0,0,0,2738,0
200,Abishek Porel ,DC,1,ad3b6e95,Abishek Porel,Abishek Porel,0,0,0,0,0,0,1277545,0,0,0,0,0,0,0,0,0,0,0,0
201,Ajay Mandal ,DC,3,31ee319e,Ajay Mandal,Ajay Mandal,1QyXiKVOibICGLJAUeiihcJIJOJize0,0,0,0,0,0,1059570,0,0,0,0,0,0,0,0,0,0,0,0
202,Ashutosh Sharma ,DC,3,84d9c311,Ashutosh Sharma,Ashutosh Sharma,JbeIILJUJQGJiA0zeKicyOXihCViO1i,0,0,0,0,0,1131978,0,0,0,0,0,0,0,0,0,0,0,0
203,Axar Patel ,DC,3,2e171977,AR Patel,AR Patel,iIQcOze1JKUiXeCJiGhb0VJiiILyJAO,0,0,0,0,0,554691,0,0,0,923472,0,0,0,0,0,0,1113,0
204,Dushmantha Chameera ,DC,2,327b58d3,PVD Chameera,PVD Chameera,0,0,0,0,0,0,552152,0,0,0,1225043,0,0,0,0,0,0,817,0
205,Karun Nair ,DC,1,944533a5,KK Nair,KK Nair,0JchQiibeAGyCUiJeX1IKzLIOJiJOiV,0,0,0,0,0,398439,0,0,0,170186,0,0,0,0,0,0,276,0
206,KL Rahul ,DC,1,b17e2f24,KL Rahul,KL Rahul,bhJIOc1UiieXKOJiVLeGJQiCAJi0Iyz,0,0,0,0,0,422108,0,0,0,170187,0,0,0,0,0,0,1125,0
207,Kuldeep Yadav ,DC,2,8d2c70ad,Kuldeep Yadav,Kuldeep Yadav,ziJKJhOi0iiQeJCbycUILJAO1GIVXie,0,0,0,0,0,559235,0,0,0,404424,0,0,0,0,0,0,261,0
208,Madhav Tiwari ,DC,3,fb5f69e4,M Tiwari,M Tiwari,0,0,0,0,0,0,1460385,0,0,0,0,0,0,0,0,0,0,0,0
209,Mitchell Starc ,DC,2,3fb19989,MA Starc,MA Starc,0,0,0,0,0,0,311592,0,0,0,158702,0,0,0,0,0,0,490,0
210,Sameer Rizvi ,DC,1,f89d3b11,Sameer Rizvi,Sameer Rizvi,0,0,0,0,0,0,1175489,0,0,0,0,0,0,0,0,0,0,0,0
211,T Natarajan ,DC,2,ce794613,T Natarajan,T Natarajan,eCUiIGI1ybzeOiJVOAiQLJXJic0hKJi,0,0,0,0,0,802575,0,0,0,1519143,0,0,0,0,0,0,3831,0
212,Tripurana Vijay ,DC,2,51ec3919,T Vijay,T Vijay,0,0,0,0,0,0,1292527,0,0,0,0,0,0,0,0,0,0,0,0
213,Tristan Stubbs ,DC,1,85b3fab2,T Stubbs,T Stubbs,0,0,0,0,0,0,595978,0,0,0,0,0,60288,0,0,0,0,0,0
214,Vipraj Nigam ,DC,2,5ffc0565,V Nigam,V Nigam,0,0,0,0,0,0,1449074,0,0,0,0,0,0,0,0,0,0,0,0
215,David Miller ,DC,1,d67d5f00,DA Miller,DA Miller,0,0,4804,0,0,0,321777,0,0,0,260912,0,0,0,0,0,0,187,0
216,Pathum Nissanka ,DC,1,8ee36b18,P Nissanka,P Nissanka,0,0,0,0,0,0,1028655,0,0,0,1965795,0,0,0,0,0,0,19997,0
217,Lungi Ngidi ,DC,2,f834dcfc,L Ngidi,L Ngidi,0,0,0,0,0,0,542023,0,0,0,1214926,0,0,0,0,0,0,3746,0
218,Prithvi Shaw ,DC,1,8b3e9c7c,PP Shaw,PP Shaw,JOJ0iQOiUJyGiJiAc1IiCLXVehebKzI,0,0,0,0,0,1070168,0,0,0,1136920,0,0,0,0,0,0,3764,0
219,Kyle Jamieson ,DC,2,68c56d09,KA Jamieson,KA Jamieson,0,0,0,0,0,0,625960,0,0,0,1389417,0,0,c6a2001d-7abe-4c66-8867-f6776f59300c,0,0,0,1616,0
220,Mukesh  Kumar ,DC,2,2cffab74,Mukesh Kumar,Mukesh Kumar,AJCi0JJVJeXhyUziiOLIeiIicbGKO1Q,0,0,0,0,0,926851,0,0,0,0,0,0,0,0,0,0,0,0
